{"_runtime":2453.351492,"_step":314,"loss":1.884822130203247,"learning_rate":0,"_wandb":{"runtime":2453},"epoch":4,"_timestamp":1.735012797581205e+09}