{"_wandb":{"runtime":399},"epoch":2,"_timestamp":1.735013284882845e+09,"_runtime":398.861015,"_step":188,"loss":1.3263498544692993,"learning_rate":0}