{"epoch_loss":0.9932484829425812,"_timestamp":1.73501828347469e+09,"_wandb":{"runtime":1793},"progress":0.98,"_runtime":1793.770116,"epoch":4,"_step":254,"learning_rate":3.555555555555556e-07,"batch_loss":1.1524523496627808}