{"_timestamp":1.735009906581291e+09,"_runtime":9.794666,"_step":0,"loss":2.556535005569458,"learning_rate":1.6599668245414465e-06,"_wandb":{"runtime":9},"epoch":0}