{"_timestamp":1.735010268198884e+09,"_runtime":77.112979,"_wandb":{"runtime":77},"_step":21,"loss":2.5907375812530518,"learning_rate":3.372391837152562e-05,"epoch":0}