{"learning_rate":6.618547227872634e-05,"_wandb":{"runtime":266},"epoch":0,"_timestamp":1.735009894051523e+09,"_runtime":266.119306,"_step":34,"loss":2.3726179599761963}