{"_wandb":{"runtime":196},"_runtime":196.915038,"_step":59,"loss":2.115116596221924,"learning_rate":8.650768029665965e-05,"epoch":0,"_timestamp":1.735010109004398e+09}