{"learning_rate":2.358701621823985e-06,"epoch":0,"_timestamp":1.735012815338333e+09,"_runtime":10.908532,"_step":1,"loss":2.8154430389404297,"_wandb":{"runtime":12}}