{"epoch":1,"_timestamp":1.7350134872074518e+09,"_runtime":194.895629,"_step":92,"_wandb":{"runtime":202},"loss":1.8944978713989258,"learning_rate":3.6619868626958694e-05}