{"epoch_loss":0.9932181088924408,"progress":0.98,"_timestamp":1.735021374080549e+09,"_step":254,"_wandb":{"runtime":2631},"epoch":4,"_runtime":2631.387271,"batch_loss":0.8875212073326111,"learning_rate":3.555555555555556e-07}