{"_runtime":71.320498,"_step":20,"_wandb":{"runtime":71},"loss":2.6587343215942383,"learning_rate":2.9411720475334276e-05,"epoch":0,"_timestamp":1.735010186430327e+09}